{"inputUnits":[34],"outputUnits":13,"inputs":{"0":{"dtype":"number","min":86.00670113665782,"max":644.5099983438413},"1":{"dtype":"number","min":-55.297298022413344,"max":280.52571733560245},"2":{"dtype":"number","min":99.58955597459223,"max":660.0392980742872},"3":{"dtype":"number","min":-52.4836817215293,"max":274.6462480273628},"4":{"dtype":"number","min":82.85124721118116,"max":644.8153621086135},"5":{"dtype":"number","min":-54.76644296627528,"max":274.53370746813323},"6":{"dtype":"number","min":111.18859661020498,"max":656.6179777446546},"7":{"dtype":"number","min":-47.26855540136148,"max":277.05789041798016},"8":{"dtype":"number","min":77.18322545696653,"max":609.1063495360852},"9":{"dtype":"number","min":-64.39021090085511,"max":273.4419342695388},"10":{"dtype":"number","min":113.22891205607334,"max":655.7633356462445},"11":{"dtype":"number","min":-31.057989109329313,"max":303.14538371957997},"12":{"dtype":"number","min":65.80510725054825,"max":615.0880723622342},"13":{"dtype":"number","min":-35.913987782498786,"max":298.5022659747921},"14":{"dtype":"number","min":115.57793273330896,"max":656.7155756959673},"15":{"dtype":"number","min":54.7646541483918,"max":339.01219237849955},"16":{"dtype":"number","min":50.79458017330653,"max":582.311261569315},"17":{"dtype":"number","min":26.261846531204313,"max":345.6596871240329},"18":{"dtype":"number","min":26.635498284828824,"max":646.2554402193363},"19":{"dtype":"number","min":18.114157336497158,"max":438.69441993520036},"20":{"dtype":"number","min":24.135338855765713,"max":664.3202182702851},"21":{"dtype":"number","min":21.01909912585282,"max":438.4586041247868},"22":{"dtype":"number","min":101.76404123882568,"max":617.737098604615},"23":{"dtype":"number","min":109.51596563090123,"max":437.9328832942375},"24":{"dtype":"number","min":73.07694879424037,"max":563.0542325322856},"25":{"dtype":"number","min":175.80952724285757,"max":451.313346877665},"26":{"dtype":"number","min":91.76104212829708,"max":648.3353285761605},"27":{"dtype":"number","min":265.83613761916723,"max":544.6461715846963},"28":{"dtype":"number","min":70.65487510279605,"max":570.8299258345517},"29":{"dtype":"number","min":254.2034810978999,"max":562.1432349370469},"30":{"dtype":"number","min":83.81040368628548,"max":640.5905472604852},"31":{"dtype":"number","min":354.88991393448083,"max":562.722503483644},"32":{"dtype":"number","min":72.56701553077028,"max":603.4108973571896},"33":{"dtype":"number","min":322.2157126978824,"max":561.3808183874535}},"outputs":{"0":{"dtype":"string","min":0,"max":1,"uniqueValues":["Squat","Partial_squat_face_forward_with_hands_on_the_waist","Partial_squat_to_the_left","Partial_squat_to_the_right","Raise_left_hand","Raise_right_hand","Sprawl","Stand_facing_the_front","Stand_to_the_left","Stand_to_the_right","Stretch_hands_forward_and_to_the_left","Stretch_hands_forward_and_to_the_right","Stretch_hands_up"],"legend":{"Squat":[1,0,0,0,0,0,0,0,0,0,0,0,0],"Partial_squat_face_forward_with_hands_on_the_waist":[0,1,0,0,0,0,0,0,0,0,0,0,0],"Partial_squat_to_the_left":[0,0,1,0,0,0,0,0,0,0,0,0,0],"Partial_squat_to_the_right":[0,0,0,1,0,0,0,0,0,0,0,0,0],"Raise_left_hand":[0,0,0,0,1,0,0,0,0,0,0,0,0],"Raise_right_hand":[0,0,0,0,0,1,0,0,0,0,0,0,0],"Sprawl":[0,0,0,0,0,0,1,0,0,0,0,0,0],"Stand_facing_the_front":[0,0,0,0,0,0,0,1,0,0,0,0,0],"Stand_to_the_left":[0,0,0,0,0,0,0,0,1,0,0,0,0],"Stand_to_the_right":[0,0,0,0,0,0,0,0,0,1,0,0,0],"Stretch_hands_forward_and_to_the_left":[0,0,0,0,0,0,0,0,0,0,1,0,0],"Stretch_hands_forward_and_to_the_right":[0,0,0,0,0,0,0,0,0,0,0,1,0],"Stretch_hands_up":[0,0,0,0,0,0,0,0,0,0,0,0,1]}}},"isNormalized":true}