{"inputUnits":[34],"outputUnits":14,"inputs":{"0":{"dtype":"number","min":86.00670113665782,"max":663.7586044103314},"1":{"dtype":"number","min":-50.45928241216649,"max":280.52571733560245},"2":{"dtype":"number","min":99.58955597459223,"max":657.2805280480933},"3":{"dtype":"number","min":-52.4836817215293,"max":274.6462480273628},"4":{"dtype":"number","min":82.85124721118116,"max":656.7725656371832},"5":{"dtype":"number","min":-50.42078921669408,"max":274.53370746813323},"6":{"dtype":"number","min":111.18859661020498,"max":652.5876609995584},"7":{"dtype":"number","min":-45.002644261886275,"max":277.05789041798016},"8":{"dtype":"number","min":77.18322545696653,"max":651.2127875909935},"9":{"dtype":"number","min":-46.845217699195906,"max":273.4419342695388},"10":{"dtype":"number","min":113.22891205607334,"max":660.8420591001156},"11":{"dtype":"number","min":2.0276850055300457,"max":303.14538371957997},"12":{"dtype":"number","min":65.80510725054825,"max":659.3200754979897},"13":{"dtype":"number","min":38.442828678480595,"max":304.459932264064},"14":{"dtype":"number","min":126.84768884967409,"max":656.2445687039321},"15":{"dtype":"number","min":18.41007106253045,"max":381.7968416864644},"16":{"dtype":"number","min":50.79458017330653,"max":623.8130494353832},"17":{"dtype":"number","min":28.85058427182321,"max":379.73775748388573},"18":{"dtype":"number","min":114.02238574409112,"max":654.9528565880847},"19":{"dtype":"number","min":9.16160181949013,"max":438.69441993520036},"20":{"dtype":"number","min":61.78904468320731,"max":666.6074875502558},"21":{"dtype":"number","min":21.01909912585282,"max":438.4586041247868},"22":{"dtype":"number","min":101.76404123882568,"max":649.4537984093263},"23":{"dtype":"number","min":180.89279204548916,"max":414.7481770357425},"24":{"dtype":"number","min":73.07694879424037,"max":647.3015756588466},"25":{"dtype":"number","min":183.67331462064448,"max":433.2187044318424},"26":{"dtype":"number","min":91.76104212829708,"max":652.7740359538711},"27":{"dtype":"number","min":143.86471040067616,"max":533.5355809975786},"28":{"dtype":"number","min":70.65487510279605,"max":648.0202699776513},"29":{"dtype":"number","min":147.9175625628198,"max":554.4544504028082},"30":{"dtype":"number","min":83.81040368628548,"max":647.70084314179},"31":{"dtype":"number","min":216.20987533361125,"max":561.9921619199637},"32":{"dtype":"number","min":72.56701553077028,"max":641.0699538738406},"33":{"dtype":"number","min":219.13260262844386,"max":561.1871956570571}},"outputs":{"0":{"dtype":"string","min":0,"max":1,"uniqueValues":["Right_elbow_to_right_knee","Left_elbow_to_left_knee","Partial_squat_face_forward_with_hands_on_the_waist","Partial_squat_to_the_left","Partial_squat_to_the_right","Raise_left_hand","Raise_right_hand","Sprawl","Stand_facing_the_front","Stand_to_the_left","Stand_to_the_right","Stretch_hands_forward_and_to_the_left","Stretch_hands_forward_and_to_the_right","Stretch_hands_up"],"legend":{"Right_elbow_to_right_knee":[1,0,0,0,0,0,0,0,0,0,0,0,0,0],"Left_elbow_to_left_knee":[0,1,0,0,0,0,0,0,0,0,0,0,0,0],"Partial_squat_face_forward_with_hands_on_the_waist":[0,0,1,0,0,0,0,0,0,0,0,0,0,0],"Partial_squat_to_the_left":[0,0,0,1,0,0,0,0,0,0,0,0,0,0],"Partial_squat_to_the_right":[0,0,0,0,1,0,0,0,0,0,0,0,0,0],"Raise_left_hand":[0,0,0,0,0,1,0,0,0,0,0,0,0,0],"Raise_right_hand":[0,0,0,0,0,0,1,0,0,0,0,0,0,0],"Sprawl":[0,0,0,0,0,0,0,1,0,0,0,0,0,0],"Stand_facing_the_front":[0,0,0,0,0,0,0,0,1,0,0,0,0,0],"Stand_to_the_left":[0,0,0,0,0,0,0,0,0,1,0,0,0,0],"Stand_to_the_right":[0,0,0,0,0,0,0,0,0,0,1,0,0,0],"Stretch_hands_forward_and_to_the_left":[0,0,0,0,0,0,0,0,0,0,0,1,0,0],"Stretch_hands_forward_and_to_the_right":[0,0,0,0,0,0,0,0,0,0,0,0,1,0],"Stretch_hands_up":[0,0,0,0,0,0,0,0,0,0,0,0,0,1]}}},"isNormalized":true}