{"inputUnits":[34],"outputUnits":14,"inputs":{"0":{"dtype":"number","min":86.00670113665782,"max":581.882240934911},"1":{"dtype":"number","min":-50.45928241216649,"max":280.52571733560245},"2":{"dtype":"number","min":99.58955597459223,"max":578.6062195612441},"3":{"dtype":"number","min":-52.4836817215293,"max":274.6462480273628},"4":{"dtype":"number","min":82.85124721118116,"max":587.4373937536169},"5":{"dtype":"number","min":-50.42078921669408,"max":274.53370746813323},"6":{"dtype":"number","min":111.18859661020498,"max":585.766285083912},"7":{"dtype":"number","min":-45.002644261886275,"max":277.05789041798016},"8":{"dtype":"number","min":77.18322545696653,"max":560.3078717980933},"9":{"dtype":"number","min":-40.45785342508357,"max":273.4419342695388},"10":{"dtype":"number","min":113.22891205607334,"max":593.7018191094054},"11":{"dtype":"number","min":2.0276850055300457,"max":303.14538371957997},"12":{"dtype":"number","min":65.80510725054825,"max":537.5829927916648},"13":{"dtype":"number","min":41.056400172659295,"max":298.5022659747921},"14":{"dtype":"number","min":126.84768884967409,"max":615.6625705295138},"15":{"dtype":"number","min":75.36071658366836,"max":339.01219237849955},"16":{"dtype":"number","min":50.79458017330653,"max":485.3378254256518},"17":{"dtype":"number","min":59.37090957373903,"max":343.1365407605385},"18":{"dtype":"number","min":114.02238574409112,"max":582.3696408634297},"19":{"dtype":"number","min":18.114157336497158,"max":438.69441993520036},"20":{"dtype":"number","min":61.78904468320731,"max":553.4937844081231},"21":{"dtype":"number","min":21.01909912585282,"max":438.4586041247868},"22":{"dtype":"number","min":101.76404123882568,"max":519.8116464596278},"23":{"dtype":"number","min":186.82860257332783,"max":355.64657378614993},"24":{"dtype":"number","min":73.07694879424037,"max":495.3652674505817},"25":{"dtype":"number","min":183.67331462064448,"max":368.8376074599476},"26":{"dtype":"number","min":91.76104212829708,"max":530.0218292890701},"27":{"dtype":"number","min":281.700988085414,"max":507.1636832016021},"28":{"dtype":"number","min":70.65487510279605,"max":481.89428496779055},"29":{"dtype":"number","min":281.3576459977594,"max":498.0526749014157},"30":{"dtype":"number","min":83.81040368628548,"max":517.6156167073092},"31":{"dtype":"number","min":360.65066882276625,"max":559.8917537637157},"32":{"dtype":"number","min":72.56701553077028,"max":511.71987076251827},"33":{"dtype":"number","min":362.8890369556568,"max":561.1114482619377}},"outputs":{"0":{"dtype":"string","min":0,"max":1,"uniqueValues":["Punch_right","Punch_left","Partial_squat_face_forward_with_hands_on_the_waist","Partial_squat_to_the_left","Partial_squat_to_the_right","Raise_left_hand","Raise_right_hand","Sprawl","Stand_facing_the_front","Stand_to_the_left","Stand_to_the_right","Stretch_hands_forward_and_to_the_left","Stretch_hands_forward_and_to_the_right","Stretch_hands_up"],"legend":{"Punch_right":[1,0,0,0,0,0,0,0,0,0,0,0,0,0],"Punch_left":[0,1,0,0,0,0,0,0,0,0,0,0,0,0],"Partial_squat_face_forward_with_hands_on_the_waist":[0,0,1,0,0,0,0,0,0,0,0,0,0,0],"Partial_squat_to_the_left":[0,0,0,1,0,0,0,0,0,0,0,0,0,0],"Partial_squat_to_the_right":[0,0,0,0,1,0,0,0,0,0,0,0,0,0],"Raise_left_hand":[0,0,0,0,0,1,0,0,0,0,0,0,0,0],"Raise_right_hand":[0,0,0,0,0,0,1,0,0,0,0,0,0,0],"Sprawl":[0,0,0,0,0,0,0,1,0,0,0,0,0,0],"Stand_facing_the_front":[0,0,0,0,0,0,0,0,1,0,0,0,0,0],"Stand_to_the_left":[0,0,0,0,0,0,0,0,0,1,0,0,0,0],"Stand_to_the_right":[0,0,0,0,0,0,0,0,0,0,1,0,0,0],"Stretch_hands_forward_and_to_the_left":[0,0,0,0,0,0,0,0,0,0,0,1,0,0],"Stretch_hands_forward_and_to_the_right":[0,0,0,0,0,0,0,0,0,0,0,0,1,0],"Stretch_hands_up":[0,0,0,0,0,0,0,0,0,0,0,0,0,1]}}},"isNormalized":true}